model,stratification,group_a,group_b,pred_rate_a,pred_rate_b,demographic_parity_diff
logistic_regression,Sex,Female,Male,0.660377358490566,0.46808510638297873,0.19229225210758727
logistic_regression,Age,<=40,41-65,0.8437500000000001,0.6666666666666666,0.17708333333333348
logistic_regression,Age,<=40,>65,0.8437500000000001,0.13793103448275862,0.7058189655172415
logistic_regression,Age,41-65,>65,0.6666666666666666,0.13793103448275862,0.5287356321839081
random_forest,Sex,Female,Male,0.6792452830188679,0.574468085106383,0.10477719791248485
random_forest,Age,<=40,41-65,0.875,0.7435897435897436,0.1314102564102564
random_forest,Age,<=40,>65,0.875,0.20689655172413787,0.6681034482758621
random_forest,Age,41-65,>65,0.7435897435897436,0.20689655172413787,0.5366931918656057
