model,stratification,group_a,group_b,tpr_diff,fpr_diff,equalized_odds_diff
logistic_regression,Sex,Female,Male,0.10139860139860146,0.20238095238095238,0.20238095238095238
logistic_regression,Age,<=40,41-65,0.056034482758620774,0.3333333333333333,0.3333333333333333
logistic_regression,Age,<=40,>65,0.4310344827586208,0.0434782608695652,0.4310344827586208
logistic_regression,Age,41-65,>65,0.375,0.2898550724637681,0.375
random_forest,Sex,Female,Male,0.013986013986014068,0.1571428571428572,0.1571428571428572
random_forest,Age,<=40,41-65,0.007183908045977017,0.4,0.4
random_forest,Age,<=40,>65,0.4655172413793104,0.1304347826086956,0.4655172413793104
random_forest,Age,41-65,>65,0.45833333333333337,0.26956521739130446,0.45833333333333337
